Title,Media URL,Pinterest board,Thumbnail,Description,Link,Publish date,Keywords
Sellos de bronce CNC personalizados | Alcohn,https://www.alcohnsellos.com/images/hero/sello-bronce-hero-taller-alcohn.jpeg,Alcohn/Nuestra marca,,"Convertí tu logo en un sello de bronce de precisión CNC. Fabricación en Argentina, envío a todo el país.",https://www.alcohnsellos.com/,,"sellos de bronce, personalizados, CNC, Argentina, Alcohn"
Marroquinería profesional con sello de bronce,https://www.alcohnsellos.com/images/no%20solo%20fabricamos/a%20mano.jpeg,Alcohn/Sellos personalizados,,Marcá cuero genuino y sintético con tu logo. Sellos de bronce para marroquinería profesional.,https://www.alcohnsellos.com/sellos/para-cuero,,"cuero, marroquinería, sello personalizado, bronce"
Carpintería profesional con marca en madera,https://www.alcohnsellos.com/images/inicio/madera-carpinteria-profesional.webp,Alcohn/Sellos personalizados,,"Sellos de bronce para tablas, cajas y piezas de carpintería con tu diseño.",https://www.alcohnsellos.com/sellos/para-madera,,"madera, carpintería, sello bronce, personalizado"
Diferenciá tus productos alimenticios,https://www.alcohnsellos.com/images/no%20solo%20fabricamos/inferno.jpeg,Alcohn/Sellos personalizados,,"Sellos de bronce para pan, hamburguesas y gastronomía. Marcá con tu logo antes de hornear.",https://www.alcohnsellos.com/sellos/para-pan,,"pan, gastronomía, sello alimentos, bronce"
Packaging con identidad de marca,https://www.alcohnsellos.com/images/inicio/cuero.png,Alcohn/Sellos personalizados,,Reforzá tu marca en cada unidad con sellos de bronce para packaging y cartón.,https://www.alcohnsellos.com/sellos/para-packaging,,"packaging, cartón, marca, sello bronce"
Precisión CNC en sellos de bronce,https://www.alcohnsellos.com/images/nosotros/mecanizado-cnc-precision.webp,Alcohn/Nuestra marca,,Mecanizado CNC de alta precisión para sellos duraderos y marcas repetibles.,https://www.alcohnsellos.com/proceso,,"CNC, precisión, bronce, fabricación Argentina"
Firma repetible en madera,https://www.alcohnsellos.com/images/scroll/madera-firma-repetible.webp,Alcohn/Casos reales,,Marcas limpias y repetibles en series de productos de madera.,https://www.alcohnsellos.com/casos-reales,,"madera, marca, sello bronce, carpintería"
Sello personalizado para cuero | Bronce CNC | Alcohn,https://www.alcohnsellos.com/images/carousel/cuero.png,Alcohn/Sellos personalizados,,Sello de bronce con tu logo para cuero y marroquinería. Fabricación CNC en Argentina. Envío a todo el país.,https://www.alcohnsellos.com/productos/sello-personalizado-cuero,,"sello bronce, personalizado, Alcohn, Argentina"
Sello personalizado para madera | Bronce CNC | Alcohn,https://www.alcohnsellos.com/images/carousel/madera.png,Alcohn/Sellos personalizados,,"Sello de bronce para carpintería y madera con tu logo. Precisión CNC, fabricación en Argentina.",https://www.alcohnsellos.com/productos/sello-personalizado-madera,,"sello bronce, personalizado, Alcohn, Argentina"
Sello personalizado para cuero y madera | Bronce CNC | Alcohn,https://www.alcohnsellos.com/images/sello/sello-personalizado-logo.webp,Alcohn/Sellos personalizados,,Un sello de bronce para cuero y madera. Versátil para talleres con varios materiales. CNC Argentina.,https://www.alcohnsellos.com/productos/sello-personalizado-universal,,"sello bronce, personalizado, Alcohn, Argentina"
"Sello para alimentos, pan y queso | Bronce CNC | Alcohn",https://www.alcohnsellos.com/images/carousel/pan.png,Alcohn/Sellos personalizados,,"Sello de bronce para pan, queso y gastronomía. Forma adaptada a alimentos. Fabricación CNC Argentina.",https://www.alcohnsellos.com/productos/sello-para-alimentos,,"sello bronce, personalizado, Alcohn, Argentina"
Abecedario de bronce completo A-Z | Alcohn Argentina,https://www.alcohnsellos.com/images/abecedario/abecedario.png,Alcohn/Abecedarios,,Letras y números de bronce individuales para marcar textos en cuero y madera. Fabricación CNC.,https://www.alcohnsellos.com/abecedarios,,"sello bronce, personalizado, Alcohn, Argentina"
Sello personalizado para cerámica | Bronce CNC | Alcohn,https://www.alcohnsellos.com/images/carousel/ceramica.png,Alcohn/Sellos personalizados,,Sello de bronce para cerámica en crudo. Marcá antes del horneado con precisión CNC.,https://www.alcohnsellos.com/productos/sello-personalizado-ceramica,,"sello bronce, personalizado, Alcohn, Argentina"
Sello personalizado para lacre | Bronce CNC | Alcohn,https://www.alcohnsellos.com/images/carousel/lacre.png,Alcohn/Sellos personalizados,,"Sello de bronce para lacre en invitaciones y packaging. Diseño elegante, fabricación CNC Argentina.",https://www.alcohnsellos.com/productos/sello-personalizado-lacre,,"sello bronce, personalizado, Alcohn, Argentina"
Sellos para Madera Personalizados - trabajo real,https://www.alcohnsellos.com/images/clientes/cliente-elpicahueso-02.webp,Alcohn/Casos reales,,"Un gran aporte de valor para tus trabajos. Aumenta la percepcion de tu marca. Recomendamos diseños limpios y claros, para que la marca se vea y se lea bien.",https://www.alcohnsellos.com/sellos/para-madera,,"sello bronce, madera, carpintería, Alcohn"
Sellos para Madera Personalizados - Sello aplicado sobre madera,https://www.alcohnsellos.com/images/madera/sello-madera-aplicado-01.webp,Alcohn/Casos reales,,"Marcá tablas, cajas, muebles y piezas de carpintería con un sello de bronce personalizado.",https://www.alcohnsellos.com/sellos/para-madera,,"sello bronce, madera, carpintería, Alcohn"
Sellos para Madera Personalizados - Marca en pieza de carpintería,https://www.alcohnsellos.com/images/madera/sello-madera-carpinteria-02.webp,Alcohn/Casos reales,,"Marcá tablas, cajas, muebles y piezas de carpintería con un sello de bronce personalizado.",https://www.alcohnsellos.com/sellos/para-madera,,"sello bronce, madera, carpintería, Alcohn"
Sellos para Madera Personalizados - Detalle de sello en madera,https://www.alcohnsellos.com/images/madera/sello-madera-detalle-03.webp,Alcohn/Casos reales,,"Marcá tablas, cajas, muebles y piezas de carpintería con un sello de bronce personalizado.",https://www.alcohnsellos.com/sellos/para-madera,,"sello bronce, madera, carpintería, Alcohn"
Sellos para Madera Personalizados - Trabajo real sobre madera,https://www.alcohnsellos.com/images/madera/sello-madera-trabajo-04.webp,Alcohn/Casos reales,,"Marcá tablas, cajas, muebles y piezas de carpintería con un sello de bronce personalizado.",https://www.alcohnsellos.com/sellos/para-madera,,"sello bronce, madera, carpintería, Alcohn"
Sellos de bronce para cuero y PU - trabajo real,https://www.alcohnsellos.com/images/clientes/cliente-gorila-02.webp,Alcohn/Casos reales,,"En cuero la marca tiene que sentirse precisa, limpia y proporcional. El cuero permite gran variedad de medidas, y detalles. Por lo que el diseño y la medida es muy variado.",https://www.alcohnsellos.com/sellos/para-cuero,,"sello bronce, cuero y pu, marroquinería, Alcohn"
Sellos de bronce para cuero y PU - Sello aplicado sobre cuero,https://www.alcohnsellos.com/images/cuero/sello-cuero-aplicado-01.webp,Alcohn/Casos reales,,"Convertí billeteras, carteras, vainas, materas y etiquetas de cuero en piezas con marca propia.",https://www.alcohnsellos.com/sellos/para-cuero,,"sello bronce, cuero y pu, marroquinería, Alcohn"
Sellos de bronce para cuero y PU - Pieza de marroquinería en cuero marcada,https://www.alcohnsellos.com/images/cuero/sello-cuero-marroquineria-02.webp,Alcohn/Casos reales,,"Convertí billeteras, carteras, vainas, materas y etiquetas de cuero en piezas con marca propia.",https://www.alcohnsellos.com/sellos/para-cuero,,"sello bronce, cuero y pu, marroquinería, Alcohn"
Sellos de bronce para cuero y PU - Detalle de marca en cuero,https://www.alcohnsellos.com/images/cuero/sello-cuero-detalle-03.webp,Alcohn/Casos reales,,"Convertí billeteras, carteras, vainas, materas y etiquetas de cuero en piezas con marca propia.",https://www.alcohnsellos.com/sellos/para-cuero,,"sello bronce, cuero y pu, marroquinería, Alcohn"
Sellos de bronce para cuero y PU - Trabajo real sobre cuero,https://www.alcohnsellos.com/images/cuero/sello-cuero-trabajo-04.webp,Alcohn/Casos reales,,"Convertí billeteras, carteras, vainas, materas y etiquetas de cuero en piezas con marca propia.",https://www.alcohnsellos.com/sellos/para-cuero,,"sello bronce, cuero y pu, marroquinería, Alcohn"
Sellos de bronce para cerámica - trabajo real,https://www.alcohnsellos.com/images/ceramica/sello-ceramica-aplicado-01.webp,Alcohn/Casos reales,,"La cerámica necesita una marca legible antes de la cocción, con líneas que no se pierdan en la textura. Se suelen usar medidas chicas, por lo que el diseño debe ser simple.",https://www.alcohnsellos.com/sellos/para-ceramica,,"sello bronce, cerámica, manualidades, Alcohn"
Sellos de bronce para cerámica - Pieza de cerámica marcada,https://www.alcohnsellos.com/images/ceramica/sello-ceramica-pieza-02.webp,Alcohn/Casos reales,,"Marcá piezas de cerámica en crudo, placas, objetos decorativos y trabajos de autor con tu logo.",https://www.alcohnsellos.com/sellos/para-ceramica,,"sello bronce, cerámica, manualidades, Alcohn"
Sellos de bronce para cerámica - Detalle de marca en cerámica,https://www.alcohnsellos.com/images/ceramica/sello-ceramica-detalle-03.webp,Alcohn/Casos reales,,"Marcá piezas de cerámica en crudo, placas, objetos decorativos y trabajos de autor con tu logo.",https://www.alcohnsellos.com/sellos/para-ceramica,,"sello bronce, cerámica, manualidades, Alcohn"
Sellos de bronce para cerámica - Trabajo real en cerámica,https://www.alcohnsellos.com/images/ceramica/sello-ceramica-trabajo-04.webp,Alcohn/Casos reales,,"Marcá piezas de cerámica en crudo, placas, objetos decorativos y trabajos de autor con tu logo.",https://www.alcohnsellos.com/sellos/para-ceramica,,"sello bronce, cerámica, manualidades, Alcohn"
Sello de bronce para jabón artesanal | Alcohn Argentina,https://www.alcohnsellos.com/images/carousel/jabon.png,Alcohn/Sellos personalizados,,"Sello personalizado para jabones, velas y cosmética natural. Bronce CNC, ideal para ferias y regalos.",https://www.alcohnsellos.com/sellos/para-jabon,,"sello bronce, jabón, artesanías, Alcohn"
Sellos de bronce para jabón artesanal - trabajo real,https://www.alcohnsellos.com/images/jabon/sello-jabon-aplicado-01.webp,Alcohn/Casos reales,,"En jabón artesanal el sello cumple una función comercial inmediata: hace que un producto simple se vea terminado, cuidado y reconocible.",https://www.alcohnsellos.com/sellos/para-jabon,,"sello bronce, jabón, artesanías, Alcohn"
Sellos de bronce para jabón artesanal - Jabón artesanal marcado,https://www.alcohnsellos.com/images/jabon/sello-jabon-pieza-02.webp,Alcohn/Casos reales,,"Dale identidad a jabones artesanales, velas blandas y productos de cosmética natural con un sello personalizado.",https://www.alcohnsellos.com/sellos/para-jabon,,"sello bronce, jabón, artesanías, Alcohn"
Sellos de bronce para jabón artesanal - Detalle de marca en jabón,https://www.alcohnsellos.com/images/jabon/sello-jabon-detalle-03.webp,Alcohn/Casos reales,,"Dale identidad a jabones artesanales, velas blandas y productos de cosmética natural con un sello personalizado.",https://www.alcohnsellos.com/sellos/para-jabon,,"sello bronce, jabón, artesanías, Alcohn"
Sellos de bronce para jabón artesanal - Trabajo real en jabón artesanal,https://www.alcohnsellos.com/images/jabon/sello-jabon-trabajo-04.webp,Alcohn/Casos reales,,"Dale identidad a jabones artesanales, velas blandas y productos de cosmética natural con un sello personalizado.",https://www.alcohnsellos.com/sellos/para-jabon,,"sello bronce, jabón, artesanías, Alcohn"
Sello de bronce para packaging y cartón | Alcohn,https://www.alcohnsellos.com/images/clientes/cliente-monk-03.webp,Alcohn/Sellos personalizados,,"Marcá cajas, etiquetas y cartón con sello de bronce CNC. Ideal para series cortas y packaging artesanal.",https://www.alcohnsellos.com/sellos/para-packaging,,"sello bronce, cartón, packaging, Alcohn"
Sellos de bronce para packaging y cartón - trabajo real,https://www.alcohnsellos.com/images/clientes/cliente-monk-02.webp,Alcohn/Casos reales,,El packaging es el primer contacto con tu marca. Un sello bien aplicado hace que una caja o etiqueta genérica parezca parte real del producto.,https://www.alcohnsellos.com/sellos/para-packaging,,"sello bronce, cartón, packaging, Alcohn"
Sellos de bronce para lacre - trabajo real,https://www.alcohnsellos.com/images/lacre/sello-lacre-aplicado-01.webp,Alcohn/Casos reales,,"El lacre funciona como detalle de terminación: pequeño, táctil y memorable.",https://www.alcohnsellos.com/sellos/para-lacre,,"sello bronce, lacre, decoración, Alcohn"
Sellos de bronce para lacre - Cierre de lacre marcado,https://www.alcohnsellos.com/images/lacre/sello-lacre-cierre-02.webp,Alcohn/Casos reales,,"Creá cierres, invitaciones, packaging y detalles de marca con lacre personalizado.",https://www.alcohnsellos.com/sellos/para-lacre,,"sello bronce, lacre, decoración, Alcohn"
Sellos de bronce para lacre - Detalle de marca en lacre,https://www.alcohnsellos.com/images/lacre/sello-lacre-detalle-03.webp,Alcohn/Casos reales,,"Creá cierres, invitaciones, packaging y detalles de marca con lacre personalizado.",https://www.alcohnsellos.com/sellos/para-lacre,,"sello bronce, lacre, decoración, Alcohn"
Sellos de bronce para lacre - Trabajo real en lacre,https://www.alcohnsellos.com/images/lacre/sello-lacre-trabajo-04.webp,Alcohn/Casos reales,,"Creá cierres, invitaciones, packaging y detalles de marca con lacre personalizado.",https://www.alcohnsellos.com/sellos/para-lacre,,"sello bronce, lacre, decoración, Alcohn"
Sello para hielo y coctelería | Bronce CNC | Alcohn,https://www.alcohnsellos.com/images/carousel/hielo.png,Alcohn/Sellos personalizados,,Sello de bronce para hielo en bares y eventos. Marcá cubos y roca con tu logo. Envío a todo el país.,https://www.alcohnsellos.com/sellos/para-hielo,,"sello bronce, hielo, coctelería, Alcohn"
Sellos de bronce para pan y alimentos - trabajo real,https://www.alcohnsellos.com/images/pan/sello-pan-hamburguesa-01.webp,Alcohn/Casos reales,,"En gastronomía el sello ayuda a que el producto sea recordable y fotografiable. La marca debe ser simple, legible y adecuada al tamaño de la pieza.",https://www.alcohnsellos.com/sellos/para-pan,,"sello bronce, pan, gastronomía, Alcohn"
Sellos de bronce para pan y alimentos - Pan marcado con sello,https://www.alcohnsellos.com/images/pan/sello-pan-hamburguesa-02.webp,Alcohn/Casos reales,,"Marcá panes, tapas y productos gastronómicos para que tu marca aparezca en la experiencia de consumo.",https://www.alcohnsellos.com/sellos/para-pan,,"sello bronce, pan, gastronomía, Alcohn"
Sellos de bronce para pan y alimentos - Detalle de marca en pan,https://www.alcohnsellos.com/images/pan/sello-pan-hamburguesa-03.webp,Alcohn/Casos reales,,"Marcá panes, tapas y productos gastronómicos para que tu marca aparezca en la experiencia de consumo.",https://www.alcohnsellos.com/sellos/para-pan,,"sello bronce, pan, gastronomía, Alcohn"
Sellos de bronce para pan y alimentos - Trabajo real en pan,https://www.alcohnsellos.com/images/pan/sello-pan-hamburguesa-04.webp,Alcohn/Casos reales,,"Marcá panes, tapas y productos gastronómicos para que tu marca aparezca en la experiencia de consumo.",https://www.alcohnsellos.com/sellos/para-pan,,"sello bronce, pan, gastronomía, Alcohn"
Sello para fruta y decoración de cocktails | Bronce CNC | Alcohn,https://www.alcohnsellos.com/images/carousel/fruta.png,Alcohn/Sellos personalizados,,"Sellos para fruta y cítricos en bares y eventos. Bronce CNC, marca visible en cada servicio.",https://www.alcohnsellos.com/sellos/para-fruta,,"sello bronce, fruta, decoración de cocktails, Alcohn"
Sello estándar Mate en bronce | Alcohn,https://www.alcohnsellos.com/images/sellos%20estandar/campo/MATE/Mate.png,Alcohn/Sellos estandar/Campo,,"Sello de mate imperial para marcar cuero, madera y productos de campo.",https://www.alcohnsellos.com/sellos/estandar/mate,,"sello estándar, Mate, bronce, Alcohn"
Mate marcado en cuero - sello estándar Alcohn,https://www.alcohnsellos.com/images/sellos%20estandar/campo/MATE/mate-marcado-cuero.png,Alcohn/Sellos estandar/Campo,,"Sello de mate imperial para marcar cuero, madera y productos de campo.",https://www.alcohnsellos.com/sellos/estandar/mate,,"sello estándar, Mate, bronce, Alcohn"
Sello estándar Herradura en bronce | Alcohn,https://www.alcohnsellos.com/images/sellos%20estandar/campo/HERRADURA/Herradura.png,Alcohn/Sellos estandar/Campo,,Herradura clásica para marcar productos de cuero y madera.,https://www.alcohnsellos.com/sellos/estandar/herradura,,"sello estándar, Herradura, bronce, Alcohn"
Herradura marcado en cuero - sello estándar Alcohn,https://www.alcohnsellos.com/images/sellos%20estandar/campo/HERRADURA/herradura-marcado-cuero.png,Alcohn/Sellos estandar/Campo,,Herradura clásica para marcar productos de cuero y madera.,https://www.alcohnsellos.com/sellos/estandar/herradura,,"sello estándar, Herradura, bronce, Alcohn"
Sello estándar Cabeza de Caballo en bronce | Alcohn,https://www.alcohnsellos.com/images/sellos%20estandar/campo/CABEZA%20CABALLO/Cabeza%20Caballo.png,Alcohn/Sellos estandar/Campo,,Cabeza de caballo para marcar piezas de cuero con identidad de campo.,https://www.alcohnsellos.com/sellos/estandar/cabeza-caballo,,"sello estándar, Cabeza de Caballo, bronce, Alcohn"
Cabeza de Caballo marcado en cuero - sello estándar Alcohn,https://www.alcohnsellos.com/images/sellos%20estandar/campo/CABEZA%20CABALLO/cabeza-caballo-marcado-cuero.png,Alcohn/Sellos estandar/Campo,,Cabeza de caballo para marcar piezas de cuero con identidad de campo.,https://www.alcohnsellos.com/sellos/estandar/cabeza-caballo,,"sello estándar, Cabeza de Caballo, bronce, Alcohn"
Sello estándar Caballo en bronce | Alcohn,https://www.alcohnsellos.com/images/sellos%20estandar/campo/CABALLO/Caballo.png,Alcohn/Sellos estandar/Campo,,Caballo saltando para marcar productos de cuero y madera con estilo gauchesco.,https://www.alcohnsellos.com/sellos/estandar/caballo,,"sello estándar, Caballo, bronce, Alcohn"
Caballo marcado en cuero - sello estándar Alcohn,https://www.alcohnsellos.com/images/sellos%20estandar/campo/CABALLO/caballo-marcado-cuero.png,Alcohn/Sellos estandar/Campo,,Caballo saltando para marcar productos de cuero y madera con estilo gauchesco.,https://www.alcohnsellos.com/sellos/estandar/caballo,,"sello estándar, Caballo, bronce, Alcohn"
Sello estándar Boca Juniors en bronce | Alcohn,https://www.alcohnsellos.com/images/sellos%20estandar/futbol/Boca/Boca%20Juniors.png,Alcohn/Sellos estandar/Futbol,,Escudo de Boca Juniors en bronce para marcar cuero y productos de hinchada.,https://www.alcohnsellos.com/sellos/estandar/boca-juniors,,"sello estándar, Boca Juniors, bronce, Alcohn"
Boca Juniors marcado en cuero - sello estándar Alcohn,https://www.alcohnsellos.com/images/sellos%20estandar/futbol/Boca/boca-juniors-marcado-cuero.jpeg,Alcohn/Sellos estandar/Futbol,,Escudo de Boca Juniors en bronce para marcar cuero y productos de hinchada.,https://www.alcohnsellos.com/sellos/estandar/boca-juniors,,"sello estándar, Boca Juniors, bronce, Alcohn"
Sello estándar River Plate en bronce | Alcohn,https://www.alcohnsellos.com/images/sellos%20estandar/futbol/River/River.png,Alcohn/Sellos estandar/Futbol,,Escudo de River Plate en bronce para marcar cuero y accesorios.,https://www.alcohnsellos.com/sellos/estandar/river-plate,,"sello estándar, River Plate, bronce, Alcohn"
River Plate marcado en cuero - sello estándar Alcohn,https://www.alcohnsellos.com/images/sellos%20estandar/futbol/River/river-plate-marcado-cuero.jpg,Alcohn/Sellos estandar/Futbol,,Escudo de River Plate en bronce para marcar cuero y accesorios.,https://www.alcohnsellos.com/sellos/estandar/river-plate,,"sello estándar, River Plate, bronce, Alcohn"
Sello estándar Independiente en bronce | Alcohn,https://www.alcohnsellos.com/images/sellos%20estandar/futbol/Independiente/Independiente.png,Alcohn/Sellos estandar/Futbol,,Escudo de Independiente en bronce para marcar productos de cuero.,https://www.alcohnsellos.com/sellos/estandar/independiente,,"sello estándar, Independiente, bronce, Alcohn"
Independiente marcado en cuero - sello estándar Alcohn,https://www.alcohnsellos.com/images/sellos%20estandar/futbol/Independiente/independiente-marcado-cuero.png,Alcohn/Sellos estandar/Futbol,,Escudo de Independiente en bronce para marcar productos de cuero.,https://www.alcohnsellos.com/sellos/estandar/independiente,,"sello estándar, Independiente, bronce, Alcohn"
Sello estándar Racing en bronce | Alcohn,https://www.alcohnsellos.com/images/sellos%20estandar/futbol/Racing/Racing.png,Alcohn/Sellos estandar/Futbol,,Escudo de Racing Club en bronce para marcar cuero y productos personalizados.,https://www.alcohnsellos.com/sellos/estandar/racing,,"sello estándar, Racing, bronce, Alcohn"
Racing marcado en cuero - sello estándar Alcohn,https://www.alcohnsellos.com/images/sellos%20estandar/futbol/Racing/racing-marcado-cuero.png,Alcohn/Sellos estandar/Futbol,,Escudo de Racing Club en bronce para marcar cuero y productos personalizados.,https://www.alcohnsellos.com/sellos/estandar/racing,,"sello estándar, Racing, bronce, Alcohn"
Sello estándar Rosario Central en bronce | Alcohn,https://www.alcohnsellos.com/images/sellos%20estandar/futbol/Rosario/Rosario.png,Alcohn/Sellos estandar/Futbol,,Escudo de Rosario Central en bronce para marcar cuero y accesorios.,https://www.alcohnsellos.com/sellos/estandar/rosario-central,,"sello estándar, Rosario Central, bronce, Alcohn"
Rosario Central marcado en cuero - sello estándar Alcohn,https://www.alcohnsellos.com/images/sellos%20estandar/futbol/Rosario/rosario-central-marcado-cuero.png,Alcohn/Sellos estandar/Futbol,,Escudo de Rosario Central en bronce para marcar cuero y accesorios.,https://www.alcohnsellos.com/sellos/estandar/rosario-central,,"sello estándar, Rosario Central, bronce, Alcohn"
Sello estándar Newell's Old Boys en bronce | Alcohn,https://www.alcohnsellos.com/images/sellos%20estandar/futbol/Newels/Newells.png,Alcohn/Sellos estandar/Futbol,,Escudo de Newell's Old Boys en bronce para marcar cuero y productos de hinchada.,https://www.alcohnsellos.com/sellos/estandar/newells,,"sello estándar, Newell's Old Boys, bronce, Alcohn"
Newell's Old Boys marcado en cuero - sello estándar Alcohn,https://www.alcohnsellos.com/images/sellos%20estandar/futbol/Newels/newells-marcado-cuero.png,Alcohn/Sellos estandar/Futbol,,Escudo de Newell's Old Boys en bronce para marcar cuero y productos de hinchada.,https://www.alcohnsellos.com/sellos/estandar/newells,,"sello estándar, Newell's Old Boys, bronce, Alcohn"
Sello estándar AFA en bronce | Alcohn,https://www.alcohnsellos.com/images/sellos%20estandar/futbol/AFA/AFA.png,Alcohn/Sellos estandar/Futbol,,Escudo de la AFA en bronce para marcar productos de la selección argentina.,https://www.alcohnsellos.com/sellos/estandar/afa,,"sello estándar, AFA, bronce, Alcohn"
AFA marcado en cuero - sello estándar Alcohn,https://www.alcohnsellos.com/images/sellos%20estandar/futbol/AFA/afa-marcado-cuero.png,Alcohn/Sellos estandar/Futbol,,Escudo de la AFA en bronce para marcar productos de la selección argentina.,https://www.alcohnsellos.com/sellos/estandar/afa,,"sello estándar, AFA, bronce, Alcohn"
Sello estándar Argentina en bronce | Alcohn,https://www.alcohnsellos.com/images/sellos%20estandar/patrio/Argentina/argentina-mapa-sello-bronce.png,Alcohn/Sellos estandar/Patrio,,Mapa de Argentina en bronce para marcar productos nacionales y artesanales.,https://www.alcohnsellos.com/sellos/estandar/argentina-mapa,,"sello estándar, Argentina, bronce, Alcohn"
Argentina marcado en cuero - sello estándar Alcohn,https://www.alcohnsellos.com/images/sellos%20estandar/patrio/Argentina/argentina-mapa-marcado-cuero.png,Alcohn/Sellos estandar/Patrio,,Mapa de Argentina en bronce para marcar productos nacionales y artesanales.,https://www.alcohnsellos.com/sellos/estandar/argentina-mapa,,"sello estándar, Argentina, bronce, Alcohn"
Sello estándar Escudo Nacional en bronce | Alcohn,https://www.alcohnsellos.com/images/sellos%20estandar/patrio/Escudo%20Argentina/Escudo%20Argentina.png,Alcohn/Sellos estandar/Patrio,,Escudo nacional argentino en bronce para marcar productos premium.,https://www.alcohnsellos.com/sellos/estandar/escudo-argentina,,"sello estándar, Escudo Nacional, bronce, Alcohn"
Escudo Nacional marcado en cuero - sello estándar Alcohn,https://www.alcohnsellos.com/images/sellos%20estandar/patrio/Escudo%20Argentina/escudo-argentina-marcado-cuero.jpg,Alcohn/Sellos estandar/Patrio,,Escudo nacional argentino en bronce para marcar productos premium.,https://www.alcohnsellos.com/sellos/estandar/escudo-argentina,,"sello estándar, Escudo Nacional, bronce, Alcohn"
Sello estándar Malvinas en bronce | Alcohn,https://www.alcohnsellos.com/images/sellos%20estandar/patrio/Malvinas/Malvinass.png,Alcohn/Sellos estandar/Patrio,,Islas Malvinas en bronce para marcar productos con identidad patria.,https://www.alcohnsellos.com/sellos/estandar/malvinas,,"sello estándar, Malvinas, bronce, Alcohn"
Malvinas marcado en cuero - sello estándar Alcohn,https://www.alcohnsellos.com/images/sellos%20estandar/patrio/Malvinas/malvinas-marcado-cuero.png,Alcohn/Sellos estandar/Patrio,,Islas Malvinas en bronce para marcar productos con identidad patria.,https://www.alcohnsellos.com/sellos/estandar/malvinas,,"sello estándar, Malvinas, bronce, Alcohn"
Sello estándar Sol de Mayo en bronce | Alcohn,https://www.alcohnsellos.com/images/sellos%20estandar/patrio/Sol%20de%20Mayo/Sol%20de%20Mayo.png,Alcohn/Sellos estandar/Patrio,,"Sol de Mayo en bronce, símbolo patrio para marcar cuero y madera.",https://www.alcohnsellos.com/sellos/estandar/sol-de-mayo,,"sello estándar, Sol de Mayo, bronce, Alcohn"
Sol de Mayo marcado en cuero - sello estándar Alcohn,https://www.alcohnsellos.com/images/sellos%20estandar/patrio/Sol%20de%20Mayo/sol-de-mayo-marcado-cuero.jpg,Alcohn/Sellos estandar/Patrio,,"Sol de Mayo en bronce, símbolo patrio para marcar cuero y madera.",https://www.alcohnsellos.com/sellos/estandar/sol-de-mayo,,"sello estándar, Sol de Mayo, bronce, Alcohn"
Sello estándar Carpincho en bronce | Alcohn,https://www.alcohnsellos.com/images/sellos%20estandar/patrio/Capybara/Capybara.png,Alcohn/Sellos estandar/Campo,,Carpincho en bronce para marcar productos de campo y cuero.,https://www.alcohnsellos.com/sellos/estandar/capybara,,"sello estándar, Carpincho, bronce, Alcohn"
Carpincho marcado en cuero - sello estándar Alcohn,https://www.alcohnsellos.com/images/sellos%20estandar/patrio/Capybara/capybara-marcado-cuero.png,Alcohn/Sellos estandar/Campo,,Carpincho en bronce para marcar productos de campo y cuero.,https://www.alcohnsellos.com/sellos/estandar/capybara,,"sello estándar, Carpincho, bronce, Alcohn"
Sello estándar Bandera Argentina en bronce | Alcohn,https://www.alcohnsellos.com/images/sellos%20estandar/patrio/Bandera%20Argentina/bandera-argentina-sello-bronce.png,Alcohn/Sellos estandar/Patrio,,Bandera argentina en bronce para marcar productos nacionales.,https://www.alcohnsellos.com/sellos/estandar/bandera-argentina,,"sello estándar, Bandera Argentina, bronce, Alcohn"
Bandera Argentina marcado en cuero - sello estándar Alcohn,https://www.alcohnsellos.com/images/sellos%20estandar/patrio/Bandera%20Argentina/bandera-argentina-marcado-cuero.png,Alcohn/Sellos estandar/Patrio,,Bandera argentina en bronce para marcar productos nacionales.,https://www.alcohnsellos.com/sellos/estandar/bandera-argentina,,"sello estándar, Bandera Argentina, bronce, Alcohn"
Calentador Eléctrico para sellos de bronce | Alcohn,https://www.alcohnsellos.com/images/accesorios/calentador%20electrico/calentador-electrico.png,Alcohn/Accesorios,,"Calentador eléctrico para sellos de bronce. Alternativa práctica al calentado por hornalla o soplete, ideal para uso frecuente en taller.",https://www.alcohnsellos.com/accesorios,,"accesorio, sello bronce, taller, Alcohn"
Mango de Golpe para sellos de bronce | Alcohn,https://www.alcohnsellos.com/images/sello/kit-sello-pieza-02-mango.png,Alcohn/Accesorios,,Mango de madera para martillar sellos en frío. Complementa el mango a rosca que viene con cada sello cuando necesitás impacto directo.,https://www.alcohnsellos.com/accesorios,,"accesorio, sello bronce, taller, Alcohn"
Base de Aluminio para Remachadora para sellos de bronce | Alcohn,https://www.alcohnsellos.com/images/sello/kit-sello-pieza-04-accesorios.png,Alcohn/Accesorios,,Base plana de aluminio para montar el sello en remachadora o prensa. Presión uniforme para marcar en frío sobre cuero y otros materiales.,https://www.alcohnsellos.com/accesorios,,"accesorio, sello bronce, taller, Alcohn"
Caso real: Amano con sello Alcohn - foto 1,https://www.alcohnsellos.com/images/clientes/cliente-amano.webp,Alcohn/Casos reales,,"Marca personalizada en bronce para Amano. Sellos CNC Alcohn, envío a todo Argentina.",https://www.alcohnsellos.com/casos-reales,,"caso real, sello bronce, personalizado, Alcohn"
Caso real: Amano con sello Alcohn - foto 02,https://www.alcohnsellos.com/images/clientes/cliente-amano-02.webp,Alcohn/Casos reales,,"Marca personalizada en bronce para Amano. Sellos CNC Alcohn, envío a todo Argentina.",https://www.alcohnsellos.com/casos-reales,,"caso real, sello bronce, personalizado, Alcohn"
Caso real: Amano con sello Alcohn - foto 03,https://www.alcohnsellos.com/images/clientes/cliente-amano-03.webp,Alcohn/Casos reales,,"Marca personalizada en bronce para Amano. Sellos CNC Alcohn, envío a todo Argentina.",https://www.alcohnsellos.com/casos-reales,,"caso real, sello bronce, personalizado, Alcohn"
Caso real: Artemisa con sello Alcohn - foto 1,https://www.alcohnsellos.com/images/clientes/cliente-artemisa.webp,Alcohn/Casos reales,,"Marca personalizada en bronce para Artemisa. Sellos CNC Alcohn, envío a todo Argentina.",https://www.alcohnsellos.com/casos-reales,,"caso real, sello bronce, personalizado, Alcohn"
Caso real: Artemisa con sello Alcohn - foto 02,https://www.alcohnsellos.com/images/clientes/cliente-artemisa-02.webp,Alcohn/Casos reales,,"Marca personalizada en bronce para Artemisa. Sellos CNC Alcohn, envío a todo Argentina.",https://www.alcohnsellos.com/casos-reales,,"caso real, sello bronce, personalizado, Alcohn"
Caso real: Artemisa con sello Alcohn - foto 03,https://www.alcohnsellos.com/images/clientes/cliente-artemisa-03.webp,Alcohn/Casos reales,,"Marca personalizada en bronce para Artemisa. Sellos CNC Alcohn, envío a todo Argentina.",https://www.alcohnsellos.com/casos-reales,,"caso real, sello bronce, personalizado, Alcohn"
Caso real: El Faro con sello Alcohn - foto 1,https://www.alcohnsellos.com/images/clientes/cliente-elfaro.webp,Alcohn/Casos reales,,"Marca personalizada en bronce para El Faro. Sellos CNC Alcohn, envío a todo Argentina.",https://www.alcohnsellos.com/casos-reales,,"caso real, sello bronce, personalizado, Alcohn"
Caso real: El Faro con sello Alcohn - foto 02,https://www.alcohnsellos.com/images/clientes/cliente-elfaro-02.webp,Alcohn/Casos reales,,"Marca personalizada en bronce para El Faro. Sellos CNC Alcohn, envío a todo Argentina.",https://www.alcohnsellos.com/casos-reales,,"caso real, sello bronce, personalizado, Alcohn"
Caso real: El Faro con sello Alcohn - foto 03,https://www.alcohnsellos.com/images/clientes/cliente-elfaro-03.webp,Alcohn/Casos reales,,"Marca personalizada en bronce para El Faro. Sellos CNC Alcohn, envío a todo Argentina.",https://www.alcohnsellos.com/casos-reales,,"caso real, sello bronce, personalizado, Alcohn"
Caso real: El Pasuco con sello Alcohn - foto 1,https://www.alcohnsellos.com/images/clientes/cliente-elpasuco.webp,Alcohn/Casos reales,,"Marca personalizada en bronce para El Pasuco. Sellos CNC Alcohn, envío a todo Argentina.",https://www.alcohnsellos.com/casos-reales,,"caso real, sello bronce, personalizado, Alcohn"
Caso real: El Pasuco con sello Alcohn - foto 02,https://www.alcohnsellos.com/images/clientes/cliente-elpasuco-02.webp,Alcohn/Casos reales,,"Marca personalizada en bronce para El Pasuco. Sellos CNC Alcohn, envío a todo Argentina.",https://www.alcohnsellos.com/casos-reales,,"caso real, sello bronce, personalizado, Alcohn"
Caso real: El Pasuco con sello Alcohn - foto 03,https://www.alcohnsellos.com/images/clientes/cliente-elpasuco-03.webp,Alcohn/Casos reales,,"Marca personalizada en bronce para El Pasuco. Sellos CNC Alcohn, envío a todo Argentina.",https://www.alcohnsellos.com/casos-reales,,"caso real, sello bronce, personalizado, Alcohn"
Caso real: Pica Hueso con sello Alcohn - foto 1,https://www.alcohnsellos.com/images/clientes/cliente-elpicahueso.webp,Alcohn/Casos reales,,"Marca personalizada en bronce para Pica Hueso. Sellos CNC Alcohn, envío a todo Argentina.",https://www.alcohnsellos.com/casos-reales,,"caso real, sello bronce, personalizado, Alcohn"
Caso real: Pica Hueso con sello Alcohn - foto 03,https://www.alcohnsellos.com/images/clientes/cliente-elpicahueso-03.webp,Alcohn/Casos reales,,"Marca personalizada en bronce para Pica Hueso. Sellos CNC Alcohn, envío a todo Argentina.",https://www.alcohnsellos.com/casos-reales,,"caso real, sello bronce, personalizado, Alcohn"
Caso real: Good Gorilla con sello Alcohn - foto 1,https://www.alcohnsellos.com/images/clientes/cliente-gorila.webp,Alcohn/Casos reales,,"Marca personalizada en bronce para Good Gorilla. Sellos CNC Alcohn, envío a todo Argentina.",https://www.alcohnsellos.com/casos-reales,,"caso real, sello bronce, personalizado, Alcohn"
Caso real: Good Gorilla con sello Alcohn - foto 03,https://www.alcohnsellos.com/images/clientes/cliente-gorila-03.webp,Alcohn/Casos reales,,"Marca personalizada en bronce para Good Gorilla. Sellos CNC Alcohn, envío a todo Argentina.",https://www.alcohnsellos.com/casos-reales,,"caso real, sello bronce, personalizado, Alcohn"
Caso real: Here&Now - Accesorios con sello Alcohn - foto 1,https://www.alcohnsellos.com/images/clientes/cliente-hyn.webp,Alcohn/Casos reales,,"Marca personalizada en bronce para Here&Now - Accesorios. Sellos CNC Alcohn, envío a todo Argentina.",https://www.alcohnsellos.com/casos-reales,,"caso real, sello bronce, personalizado, Alcohn"
Caso real: Here&Now - Accesorios con sello Alcohn - foto 02,https://www.alcohnsellos.com/images/clientes/cliente-hyn-02.webp,Alcohn/Casos reales,,"Marca personalizada en bronce para Here&Now - Accesorios. Sellos CNC Alcohn, envío a todo Argentina.",https://www.alcohnsellos.com/casos-reales,,"caso real, sello bronce, personalizado, Alcohn"
Caso real: Here&Now - Accesorios con sello Alcohn - foto 03,https://www.alcohnsellos.com/images/clientes/cliente-hyn-03.webp,Alcohn/Casos reales,,"Marca personalizada en bronce para Here&Now - Accesorios. Sellos CNC Alcohn, envío a todo Argentina.",https://www.alcohnsellos.com/casos-reales,,"caso real, sello bronce, personalizado, Alcohn"
Caso real: Alejandro Luy con sello Alcohn - foto 1,https://www.alcohnsellos.com/images/clientes/cliente-luy.webp,Alcohn/Casos reales,,"Marca personalizada en bronce para Alejandro Luy. Sellos CNC Alcohn, envío a todo Argentina.",https://www.alcohnsellos.com/casos-reales,,"caso real, sello bronce, personalizado, Alcohn"
Caso real: Alejandro Luy con sello Alcohn - foto 02,https://www.alcohnsellos.com/images/clientes/cliente-luy-02.webp,Alcohn/Casos reales,,"Marca personalizada en bronce para Alejandro Luy. Sellos CNC Alcohn, envío a todo Argentina.",https://www.alcohnsellos.com/casos-reales,,"caso real, sello bronce, personalizado, Alcohn"
Caso real: Alejandro Luy con sello Alcohn - foto 03,https://www.alcohnsellos.com/images/clientes/cliente-luy-03.webp,Alcohn/Casos reales,,"Marca personalizada en bronce para Alejandro Luy. Sellos CNC Alcohn, envío a todo Argentina.",https://www.alcohnsellos.com/casos-reales,,"caso real, sello bronce, personalizado, Alcohn"
Caso real: Monk con sello Alcohn - foto 1,https://www.alcohnsellos.com/images/clientes/cliente-monk.webp,Alcohn/Casos reales,,"Marca personalizada en bronce para Monk. Sellos CNC Alcohn, envío a todo Argentina.",https://www.alcohnsellos.com/casos-reales,,"caso real, sello bronce, personalizado, Alcohn"
Caso real: Sabor a Roble con sello Alcohn - foto 1,https://www.alcohnsellos.com/images/clientes/cliente-sabor-a-roble.webp,Alcohn/Casos reales,,"Marca personalizada en bronce para Sabor a Roble. Sellos CNC Alcohn, envío a todo Argentina.",https://www.alcohnsellos.com/casos-reales,,"caso real, sello bronce, personalizado, Alcohn"
Caso real: Sabor a Roble con sello Alcohn - foto 02,https://www.alcohnsellos.com/images/clientes/cliente-sabor-a-roble-02.webp,Alcohn/Casos reales,,"Marca personalizada en bronce para Sabor a Roble. Sellos CNC Alcohn, envío a todo Argentina.",https://www.alcohnsellos.com/casos-reales,,"caso real, sello bronce, personalizado, Alcohn"
Caso real: Sabor a Roble con sello Alcohn - foto 03,https://www.alcohnsellos.com/images/clientes/cliente-sabor-a-roble-03.webp,Alcohn/Casos reales,,"Marca personalizada en bronce para Sabor a Roble. Sellos CNC Alcohn, envío a todo Argentina.",https://www.alcohnsellos.com/casos-reales,,"caso real, sello bronce, personalizado, Alcohn"
Caso real: Weberly Knives con sello Alcohn - foto 1,https://www.alcohnsellos.com/images/clientes/cliente-weberly.webp,Alcohn/Casos reales,,"Marca personalizada en bronce para Weberly Knives. Sellos CNC Alcohn, envío a todo Argentina.",https://www.alcohnsellos.com/casos-reales,,"caso real, sello bronce, personalizado, Alcohn"
Caso real: Weberly Knives con sello Alcohn - foto 02,https://www.alcohnsellos.com/images/clientes/cliente-weberly-02.webp,Alcohn/Casos reales,,"Marca personalizada en bronce para Weberly Knives. Sellos CNC Alcohn, envío a todo Argentina.",https://www.alcohnsellos.com/casos-reales,,"caso real, sello bronce, personalizado, Alcohn"
Caso real: Weberly Knives con sello Alcohn - foto 03,https://www.alcohnsellos.com/images/clientes/cliente-weberly-03.webp,Alcohn/Casos reales,,"Marca personalizada en bronce para Weberly Knives. Sellos CNC Alcohn, envío a todo Argentina.",https://www.alcohnsellos.com/casos-reales,,"caso real, sello bronce, personalizado, Alcohn"
Cómo marcar marroquinería - Presión,https://www.alcohnsellos.com/images/uso%20rapido/cuero%20presionRecurso%201.png,Alcohn/Como usar sellos,,"Aplicación en frío, sobre una remachadora con base plana. Se fija el sello a la máquina con una rosca y se aplica presión manual. Terminación limpia y precisa en bajorrelieve.",https://www.alcohnsellos.com/como-usar-sellos,,"cómo usar, marroquinería, sello bronce, Alcohn"
Cómo marcar marroquinería - Golpe,https://www.alcohnsellos.com/images/uso%20rapido/cuero%20golpeRecurso%203.png,Alcohn/Como usar sellos,,"Método muy práctico y extendido para sellos pequeños, de 3 cm o menos. Terminación precisa en bajorrelieve. Humecé el cuero previamente para que copie mejor la forma. Aplicación con martillado sobre mango metálico.",https://www.alcohnsellos.com/como-usar-sellos,,"cómo usar, marroquinería, sello bronce, Alcohn"
Cómo marcar marroquinería - Calor,https://www.alcohnsellos.com/images/uso%20rapido/cuero%20calorRecurso%202.png,Alcohn/Como usar sellos,,Apoyo perpendicular y presión firme para marcas precisas. Ideal para cueros flexibles o para destacar más el diseño. Se calienta el sello a fuego directo de hornalla o soplete (entre 3 y 5 minutos). Aplicación manual con mango de madera. Se apoya de 1 a 2 segundos sobre la superficie. Terminación oscurecida.,https://www.alcohnsellos.com/como-usar-sellos,,"cómo usar, marroquinería, sello bronce, Alcohn"
Cómo marcar madera - Calor,https://www.alcohnsellos.com/images/uso%20rapido/madera%20calorRecurso%204.png,Alcohn/Como usar sellos,,Se calienta el sello a fuego directo (entre 5 y 15 minutos según tamaño de sello y la dureza de la madera). Aplicación manual con mango de madera. Apoyo de 1 a 2 segundos sobre la superficie. Terminación oscura.,https://www.alcohnsellos.com/como-usar-sellos,,"cómo usar, madera, sello bronce, Alcohn"
Cómo marcar artesanías - Presión,https://www.alcohnsellos.com/images/uso%20rapido/jabonRecurso%205.png,Alcohn/Como usar sellos,,Aplicación manual con mango de madera. Terminación precisa en bajorrelieve. Agregar alcohol al 96 %.,https://www.alcohnsellos.com/como-usar-sellos,,"cómo usar, artesanías, sello bronce, Alcohn"
Cómo marcar packaging - Presión,https://www.alcohnsellos.com/images/uso%20rapido/packaging%20maquinaRecurso%209.png,Alcohn/Como usar sellos,,"Aplicación en frío, mediante una prensa. Se fija el sello mediante rosca o pegamento (solución fija), colocando la pieza a marcar en la base de la máquina. Accionamiento manual. Terminación limpia y precisa en bajorrelieve.",https://www.alcohnsellos.com/como-usar-sellos,,"cómo usar, packaging, sello bronce, Alcohn"
Cómo marcar packaging - Calor,https://www.alcohnsellos.com/images/uso%20rapido/packaging%20calorRecurso%2010.png,Alcohn/Como usar sellos,,Apoyo perpendicular y presión firme para marcas precisas. Se calienta el sello a fuego directo (aprox. 5 minutos). Aplicación manual con mango de madera. Apoyo de 1 a 2 segundos sobre la superficie. Terminación oscura.,https://www.alcohnsellos.com/como-usar-sellos,,"cómo usar, packaging, sello bronce, Alcohn"
Cómo marcar lacre - Lacre,https://www.alcohnsellos.com/images/uso%20rapido/marcar%20lacreRecurso%208.png,Alcohn/Como usar sellos,,"Se calienta la cera previamente. Se vierte la cera en la superficie a marcar, con una cuchara. Se apoya el sello y se lo deja 1 minuto hasta que la cera seque. Se retira el sello con cuidado.",https://www.alcohnsellos.com/como-usar-sellos,,"cómo usar, lacre, sello bronce, Alcohn"
Cómo marcar hielo - Hielo,https://www.alcohnsellos.com/images/uso%20rapido/marcar%20hieloRecurso%207.png,Alcohn/Como usar sellos,,Se calienta el sello con agua caliente. Se lo apoya sobre el hielo deseado. Se lo deja actuar unos segundos y luego se retira.,https://www.alcohnsellos.com/como-usar-sellos,,"cómo usar, hielo, sello bronce, Alcohn"
Cómo marcar alimentos - Calor,https://www.alcohnsellos.com/images/uso%20rapido/pan%20a%20fuegoRecurso%206.png,Alcohn/Como usar sellos,,"Se calienta el sello a fuego directo (entre 5 y 7 minutos). Aplicación manual con mango de madera. Acompañá la curvatura del pan con la mano, para cubrir bien la superficie a marcar. Terminación oscura.",https://www.alcohnsellos.com/como-usar-sellos,,"cómo usar, alimentos, sello bronce, Alcohn"
Experiencia comprobada,https://www.alcohnsellos.com/images/sobre%20alcohn/experiencia.jpeg,Alcohn/Nuestra marca,,"Desde 2019 fabricamos sellos personalizados para cuero, madera, papel, packaging, alimentos y otros materiales. Esa experiencia nos permite saber qué funciona en cada superficie, cómo adaptar cada diseño y qué necesita cada cliente para lograr una marca clara, duradera y profesional.",https://www.alcohnsellos.com/sobre-alcohn,,"Alcohn, sellos bronce, Argentina, taller"
Atención personalizada,https://www.alcohnsellos.com/images/sobre%20alcohn/atencion%20personalizada.jpeg,Alcohn/Nuestra marca,,"Estamos presentes antes, durante y después de cada pedido. Respondemos dudas, asesoramos medidas, revisamos diseños, enviamos muestras digitales y acompañamos a cada cliente para que compre con seguridad y reciba un sello a la altura de su trabajo.",https://www.alcohnsellos.com/sobre-alcohn,,"Alcohn, sellos bronce, Argentina, taller"
Sellos de calidad profesional,https://www.alcohnsellos.com/images/sobre%20alcohn/sellos%20calidad%20profesional.jpeg,Alcohn/Nuestra marca,,"Fabricamos sellos de bronce con mecanizado CNC, profundidad de grabado de hasta 3 mm y detalles finos de alta precisión. Cada pieza está pensada para lograr marcas definidas, soportar el uso diario en taller y diferenciarse de los sellos genéricos del mercado.",https://www.alcohnsellos.com/sobre-alcohn,,"Alcohn, sellos bronce, Argentina, taller"
